{"cameraMode":{"drawMode":0,"name":"Shaded","section":"Shading Mode"},"sceneLighting":true,"audioPlay":false,"sceneViewState":{"showFog":true,"showMaterialUpdate":false,"showSkybox":true,"showFlares":true,"showImageEffects":true,"showParticleSystems":true},"in2DMode":false,"pivot":{"x":25.625829696655275,"y":12.72819995880127,"z":-18.00185775756836},"rotation":{"x":-0.1841966211795807,"y":0.4367149770259857,"z":-0.09185728430747986,"w":-0.8757361769676209},"size":18.137767791748048,"orthographic":false}