{"cameraMode":{"drawMode":0,"name":"Shaded","section":"Shading Mode"},"sceneLighting":false,"audioPlay":false,"sceneViewState":{"showFog":true,"showMaterialUpdate":false,"showSkybox":true,"showFlares":true,"showImageEffects":true,"showParticleSystems":true},"in2DMode":false,"pivot":{"x":-7.468933582305908,"y":-0.1550159454345703,"z":-2.0107951164245607},"rotation":{"x":-0.12794654071331025,"y":0.6202945709228516,"z":-0.10348635166883469,"w":-0.766912579536438},"size":6.304094314575195,"orthographic":false}